<?xml version="1.0" encoding="UTF-8"?>
<!DOCTYPE hibernate-reverse-engineering PUBLIC "-//Hibernate/Hibernate Reverse Engineering DTD 3.0//EN" "http://hibernate.org/dtd/hibernate-reverse-engineering-3.0.dtd" >

<hibernate-reverse-engineering>
	<table-filter match-name="actividad"
		match-catalog="actividadesdb">
	</table-filter>
	<table-filter match-name="actividadasignada"
		match-catalog="actividadesdb">
	</table-filter>
	<table-filter match-name="bitacora" match-catalog="actividadesdb"></table-filter>
	<table-filter match-name="empleado" match-catalog="actividadesdb"></table-filter>
	<table-filter match-name="usuario" match-catalog="actividadesdb"></table-filter>
</hibernate-reverse-engineering>